68.183.60.82:3128,http,"2021-03-01 16:25:58"
186.177.141.223:48683,socks4,"2021-03-01 16:24:07"
212.102.53.88:3128,http,"2021-03-01 16:18:50"
191.101.164.27:3128,http,"2021-03-01 16:17:46"
8.210.197.19:3128,http,"2021-03-01 16:17:46"
137.220.58.34:3128,http,"2021-03-01 16:17:37"
62.171.144.29:3128,http,"2021-03-01 16:11:20"
51.158.107.202:9999,http,"2021-03-01 16:10:51"
51.158.123.35:9999,http,"2021-03-01 16:10:49"
35.175.242.158:3128,http,"2021-03-01 15:49:34"
152.168.161.41:4145,socks4,"2021-03-01 15:42:47"
51.158.172.165:8761,http,"2021-03-01 15:30:37"
37.120.140.242:3128,http,"2021-03-01 15:27:37"
37.120.140.243:3128,http,"2021-03-01 15:27:37"
37.120.145.154:3128,http,"2021-03-01 15:27:38"
36.89.149.173:4145,socks4,"2021-03-01 15:25:41"
51.158.99.51:8811,http,"2021-03-01 15:24:35"
51.158.180.179:8761,http,"2021-03-01 15:13:54"
51.158.186.242:8761,http,"2021-03-01 15:14:02"
37.120.140.158:3128,http,"2021-03-01 15:10:43"
185.189.112.157:3128,http,"2021-03-01 15:09:15"
62.201.217.18:57853,socks4,"2021-03-01 15:06:16"
51.158.165.18:8761,http,"2021-03-01 15:03:28"
51.158.165.18:8811,http,"2021-03-01 15:00:00"
51.158.172.165:8811,http,"2021-03-01 14:55:31"
51.158.186.242:8811,http,"2021-03-01 14:55:32"
51.158.68.68:8811,http,"2021-03-01 14:55:29"
51.158.180.179:8811,http,"2021-03-01 14:55:40"
142.4.203.248:3128,http,"2021-03-01 14:55:09"
185.38.227.41:1080,socks4,"2021-03-01 14:48:32"
188.235.61.25:4145,socks4,"2021-03-01 14:47:32"
178.143.12.103:4153,socks4,"2021-03-01 17:26:00"
41.190.147.158:33409,socks4,"2021-03-01 17:20:06"
181.211.101.90:4153,socks4,"2021-03-01 17:17:52"
188.168.27.71:38071,socks4,"2021-03-01 17:16:47"
88.248.23.216:48684,socks4,"2021-03-01 17:02:33"
41.194.37.106:49867,socks4,"2021-03-01 16:56:10"
94.127.217.66:56411,socks4,"2021-03-01 16:41:39"
78.140.7.239:40009,socks4,"2021-03-01 16:38:34"
195.24.61.7:51544,socks4,"2021-03-01 16:37:39"
41.33.66.227:27991,http,"2021-03-01 16:18:41"
163.172.184.246:3128,http,"2021-03-01 16:18:14"
37.120.133.133:3128,http,"2021-03-01 16:18:25"
185.204.216.70:3128,http,"2021-03-01 16:17:46"
139.180.158.189:8080,http,"2021-03-01 16:17:44"
183.89.161.65:4145,socks4,"2021-03-01 13:32:42"
187.101.21.218:4153,socks4,"2021-03-01 13:32:10"
211.115.206.182:3128,http,"2021-03-01 16:11:22"
139.59.168.30:8080,http,"2021-03-01 16:10:47"
195.201.61.51:8000,http,"2021-03-01 16:10:45"
112.169.9.162:80,http,"2021-03-01 15:58:55"
107.23.228.234:3128,http,"2021-03-01 15:58:20"
42.118.121.252:3128,http,"2021-03-01 15:58:24"
82.99.229.115:4153,socks4,"2021-03-01 15:55:22"
190.98.1.99:3128,http,"2021-03-01 15:54:04"
192.241.205.151:3129,http,"2021-03-01 15:54:11"
103.28.121.58:80,http,"2021-03-01 15:46:21"
51.158.68.133:8761,http,"2021-03-01 15:45:41"
78.188.119.253:5678,socks4,"2021-03-01 15:44:37"
110.77.135.112:4153,socks4,"2021-03-01 15:42:13"
91.237.235.53:3629,socks4,"2021-03-01 15:35:50"
69.24.199.149:80,http,"2021-03-01 15:32:56"
202.65.121.162:8080,http,"2021-03-01 15:31:21"
45.184.180.2:4145,socks4,"2021-03-01 15:30:04"
91.205.146.79:3629,socks4,"2021-03-01 15:25:46"
51.158.68.133:8811,http,"2021-03-01 15:17:34"
89.249.65.191:3128,http,"2021-03-01 15:10:42"
84.54.191.52:45794,socks4,"2021-03-01 15:09:48"
200.41.182.243:4145,socks4,"2021-03-01 14:57:13"
45.115.211.10:4153,socks4,"2021-03-01 14:53:29"
201.184.154.98:4153,socks4,"2021-03-01 14:47:36"
103.88.169.6:3629,socks4,"2021-03-01 17:24:20"
177.136.40.150:4153,socks4,"2021-03-01 17:24:20"
187.11.126.254:4153,socks4,"2021-03-01 17:22:04"
87.103.174.147:3629,socks4,"2021-03-01 17:20:20"
94.179.135.230:58516,socks4,"2021-03-01 17:20:16"
67.206.213.202:4145,socks4,"2021-03-01 17:19:05"
188.166.34.137:9000,socks4,"2021-03-01 17:18:15"
79.106.35.82:4145,socks4,"2021-03-01 17:18:11"
46.175.70.69:59376,socks4,"2021-03-01 17:10:32"
45.232.226.102:52104,socks4,"2021-03-01 17:10:42"
191.7.209.74:39383,socks4,"2021-03-01 17:08:00"
1.10.188.140:32030,socks4,"2021-03-01 17:07:09"
185.61.92.207:39949,socks4,"2021-03-01 16:58:49"
37.57.40.167:4145,socks4,"2021-03-01 16:56:52"
201.184.152.138:44742,socks4,"2021-03-01 16:55:21"
178.252.126.175:37701,socks4,"2021-03-01 16:54:13"
91.225.208.84:4145,socks4,"2021-03-01 16:51:16"
180.92.238.251:4145,socks4,"2021-03-01 16:47:47"
91.105.152.168:4145,socks4,"2021-03-01 16:45:07"
186.1.41.143:52129,socks4,"2021-03-01 16:44:33"
90.183.158.50:44964,socks4,"2021-03-01 16:40:51"
200.71.73.222:4145,socks4,"2021-03-01 16:39:32"
109.167.134.253:44788,socks4,"2021-03-01 16:39:31"
195.29.155.98:58617,socks4,"2021-03-01 16:37:25"
103.67.16.6:4153,socks4,"2021-03-01 16:36:32"
157.230.103.189:45659,http,"2021-03-01 16:26:36"
213.149.191.133:8080,http,"2021-03-01 16:26:05"
51.222.173.54:3128,http,"2021-03-01 16:26:11"
185.141.39.110:4153,socks4,"2021-03-01 16:24:28"
